K,Coherence,Perplexity,Diversity
3,0.6360114891759268,-3.6580356027174714,0.9333333333333333
4,0.5979004304317749,-3.7055027194041057,0.925
5,0.5998944298298536,-3.7620537413550275,0.88
6,0.5884199038506502,-3.724031046436245,0.7833333333333333
7,0.5832721671144371,-3.7689180040059793,0.6714285714285714
8,0.5738478238660174,-3.8808020313515477,0.5875
9,0.5943066669394104,-3.871445209384525,0.5222222222222223
10,0.581130832626749,-3.8557986414368104,0.47
