K,Coherence,Perplexity,Diversity
3,0.6478287292152195,-5.271550084275656,1.0
4,0.665518783152221,-5.3635632741380395,0.975
5,0.69133605460109,-5.366237631886825,0.96
6,0.6881696771629047,-5.407733019834876,0.9666666666666667
7,0.6848391371355618,-5.413775478415331,0.9857142857142858
8,0.6807472967297585,-5.4118959020212465,0.975
9,0.6844957745376781,-5.501395482102057,0.9777777777777777
10,0.687164325414838,-5.51550906530508,0.97
