K,Coherence,Perplexity,Diversity
3,0.5135692735547559,-6.191421919694229,1.0
4,0.5560858551123132,-6.232849836260125,0.975
5,0.6040607028812801,-6.254225279122477,1.0
6,0.6204328484008127,-6.284033230196063,0.9833333333333333
7,0.622330401848951,-6.321282100186246,0.9571428571428572
8,0.6359011145690906,-6.350859085296802,0.9625
9,0.6490252936360967,-6.367709603198475,0.9777777777777777
10,0.6478309367472701,-6.392647307668351,0.98
